 ,undefined,undefined,undefined,undefined,undefined
sd,dr,53,sd,sdf,undefined
 ,undefined,undefined,undefined,undefined,undefined
smith,tim,29,hair,sd,undefined
 ,undefined,undefined,undefined,undefined,undefined
thra,is,11,hair,20,undefined
 ,undefined,undefined,undefined,undefined,undefined
thra,is,36,full redo,750,undefined
 ,undefined,undefined,undefined,undefined,undefined
 ,undefined,undefined,undefined,undefined,undefined
smith,david,76,all,750,undefined
 ,undefined,undefined,undefined,undefined,undefined
thra,it,81,mkj,20,undefined
 ,undefined,undefined,undefined,undefined,undefined
thra,it,81,mkj,20,undefined
smith,ted,8,hair,20,undefined
 ,undefined,undefined,undefined,undefined,undefined
thra,it,81,mkj,20,undefined
ted,smith,18,all,200,undefined
 ,undefined,undefined,undefined,undefined,undefined
 ,undefined,undefined,undefined,undefined,undefined
thra,it,81,mkj,20,undefined
ted,smith,18,all,200,undefined
biggs,willam,65,all services,750,undefined
 ,undefined,undefined,undefined,undefined,undefined
f,f,97,f,2,undefined
thra,it,81,mkj,20,undefined
ted,smith,18,all,200,undefined
biggs,willam,65,all services,750,undefined
 ,undefined,undefined,undefined,undefined,undefined
 ,undefined,undefined,undefined,undefined,undefined
ted,smid,32,na,1,undefined
